<keymap version="1" name="Default copy" parent="Mac OS X 10.5+">
  <action id="$Copy">
    <keyboard-shortcut first-keystroke="meta c" />
    <keyboard-shortcut first-keystroke="meta insert" />
    <keyboard-shortcut first-keystroke="ctrl c" />
  </action>
  <action id="$Cut">
    <keyboard-shortcut first-keystroke="meta x" />
    <keyboard-shortcut first-keystroke="shift delete" />
    <keyboard-shortcut first-keystroke="ctrl x" />
  </action>
  <action id="$Paste">
    <keyboard-shortcut first-keystroke="shift insert" />
    <keyboard-shortcut first-keystroke="ctrl v" />
  </action>
  <action id="$Undo">
    <keyboard-shortcut first-keystroke="ctrl z" />
  </action>
  <action id="ActivateTerminalToolWindow">
    <keyboard-shortcut first-keystroke="ctrl back_quote" />
  </action>
  <action id="ChangesView.GroupBy.Directory" />
  <action id="CommentByLineComment">
    <keyboard-shortcut first-keystroke="meta slash" />
    <keyboard-shortcut first-keystroke="meta divide" />
    <keyboard-shortcut first-keystroke="ctrl slash" />
  </action>
  <action id="Editor Copy">
    <keyboard-shortcut first-keystroke="ctrl c" />
  </action>
  <action id="Editor Cut">
    <keyboard-shortcut first-keystroke="ctrl x" />
  </action>
  <action id="Editor Paste">
    <keyboard-shortcut first-keystroke="ctrl v" />
  </action>
  <action id="Editor Undo">
    <keyboard-shortcut first-keystroke="ctrl z" />
  </action>
  <action id="EditorRight">
    <keyboard-shortcut first-keystroke="right" />
  </action>
  <action id="EditorUp">
    <keyboard-shortcut first-keystroke="up" />
  </action>
  <action id="FileChooser.TogglePathShowing" />
  <action id="Find">
    <keyboard-shortcut first-keystroke="ctrl f" />
  </action>
  <action id="GotoDeclaration">
    <keyboard-shortcut first-keystroke="shift ctrl space" />
  </action>
  <action id="GotoFile">
    <keyboard-shortcut first-keystroke="ctrl p" />
  </action>
  <action id="List-selectNextColumn">
    <keyboard-shortcut first-keystroke="right" />
  </action>
  <action id="ParameterInfo" />
  <action id="QuickChangeScheme" />
  <action id="ServiceView.GroupByServiceGroups" />
  <action id="SmartTypeCompletion" />
  <action id="Table-selectNextColumn">
    <keyboard-shortcut first-keystroke="right" />
  </action>
  <action id="TodoViewGroupByFlattenPackage" />
  <action id="TodoViewGroupByShowPackages" />
  <action id="Vcs.QuickListPopupAction" />
</keymap>