<application>
  <component name="EditorSettings">
    <option name="languageBreadcrumbsMap">
      <map>
        <entry key="CSS" value="false" />
        <entry key="HTML" value="false" />
        <entry key="Haml" value="false" />
        <entry key="JSON" value="true" />
        <entry key="JavaScript" value="false" />
        <entry key="LESS" value="false" />
        <entry key="PHP" value="true" />
        <entry key="SASS" value="false" />
        <entry key="SCSS" value="false" />
        <entry key="SQL" value="true" />
        <entry key="TypeScript" value="false" />
        <entry key="XHTML" value="false" />
        <entry key="XML" value="false" />
        <entry key="yaml" value="false" />
      </map>
    </option>
    <option name="USE_SOFT_WRAPS" value="CONSOLE" />
    <option name="STRIP_TRAILING_SPACES" value="Whole" />
    <option name="IS_ENSURE_NEWLINE_AT_EOF" value="true" />
  </component>
</application>