<application>
  <component name="FileTypeManager" version="19">
    <extensionMap>
      <mapping pattern="BillpayServiceException" type="AUTO_DETECTED" />
      <mapping pattern="onfido" type="AUTO_DETECTED" />
      <mapping ext="blade" type="PHP" />
      <mapping pattern=".env.testing" type="PLAIN_TEXT" />
      <mapping ext="hml" type="PLAIN_TEXT" />
      <mapping ext="key" type="PLAIN_TEXT" />
      <mapping ext="pdf" type="PLAIN_TEXT" />
      <removed_mapping ext="pdf" approved="true" type="Native" />
    </extensionMap>
  </component>
</application>