<application>
  <component name="NodeJsLocalInterpreterManager">
    <local-interpreter path="/bin/node">
      <version-cache last-modified="0" />
    </local-interpreter>
    <local-interpreter path="/usr/bin/node">
      <version-cache last-modified="0" />
    </local-interpreter>
    <local-interpreter path="/usr/local/bin/node">
      <version-cache last-modified="0" />
    </local-interpreter>
    <local-interpreter path="$USER_HOME$/.nvm/versions/node/v16.13.0/bin/node">
      <version-cache last-modified="0" />
    </local-interpreter>
    <local-interpreter path="$USER_HOME$/.nvm/versions/node/v14.19.3/bin/node">
      <version-cache last-modified="0" />
    </local-interpreter>
    <local-interpreter path="$USER_HOME$/.nvm/versions/node/v14.0.0/bin/node">
      <version-cache last-modified="0" />
    </local-interpreter>
    <local-interpreter path="$USER_HOME$/.nvm/versions/node/v12.22.6/bin/node">
      <version-cache last-modified="0" />
    </local-interpreter>
    <local-interpreter path="$USER_HOME$/Library/Application Support/Herd/config/nvm/versions/node/v18.19.1/bin/node">
      <version-cache version="18.19.1" last-modified="1707860581000" />
    </local-interpreter>
  </component>
</application>